client_id	path	sentence_id	sentence	sentence_domain	up_votes	down_votes	age	gender	accents	variant	locale	segment
860c378a00fee36eb354361dae39730bfa969c53e99baf059fce0d77110157cd1f7956139d737f05755d4bcd2dda38392706dfc45829257ef778eb1901e03608	common_voice_ru_42000377.mp3	d78b54a947301bef716bf229df02b13d8a5e68366a502d8377db045b31532472	Братск — зелёный город		2	0	thirties	male_masculine			ru	
4a3d198ccac94aa3330809ce2eef552dec6625d116950888019d1d5fbd71e82e022f2878fa2d1a4af25743f6a90ef234165fe3eaba26198c29f3afdb054ba1f8	common_voice_ru_41973153.mp3	927f73c14147ba2c6b162bc052b918ac1e075ee563ed3cdd59c08ddab9065e1c	Особенная кошка - любимица всей семьи		3	0	thirties		Georgian accent,Грузинский акцент		ru	
4a3d198ccac94aa3330809ce2eef552dec6625d116950888019d1d5fbd71e82e022f2878fa2d1a4af25743f6a90ef234165fe3eaba26198c29f3afdb054ba1f8	common_voice_ru_41973162.mp3	7b0c111df445f3aad97d415c33c1ce6f18c22f51936c082c31e74ad4799f5bad	Верный друг всегда поддержит в трудную минуту, разделив радость и горе.		3	0	thirties		Georgian accent,Грузинский акцент		ru	
4a3d198ccac94aa3330809ce2eef552dec6625d116950888019d1d5fbd71e82e022f2878fa2d1a4af25743f6a90ef234165fe3eaba26198c29f3afdb054ba1f8	common_voice_ru_41973189.mp3	7196641b5cdd390c3a07befe2a8493490f54d74313db178074adaa7166b8709e	Помечтайте о мире, где каждый человек может процветать.		3	0	thirties		Georgian accent,Грузинский акцент		ru	
4a3d198ccac94aa3330809ce2eef552dec6625d116950888019d1d5fbd71e82e022f2878fa2d1a4af25743f6a90ef234165fe3eaba26198c29f3afdb054ba1f8	common_voice_ru_41973205.mp3	7f99b29190bf2a1cb5de0d89359da9ff6fba61e49690daac85997de1c89e4873	Читать текст и пытаться звучать похоже на оригинальный голос персонажа.		3	0	thirties		Georgian accent,Грузинский акцент		ru	
4a3d198ccac94aa3330809ce2eef552dec6625d116950888019d1d5fbd71e82e022f2878fa2d1a4af25743f6a90ef234165fe3eaba26198c29f3afdb054ba1f8	common_voice_ru_41973210.mp3	8004f9a01d554bc3737d6b3ff17603c8c6c7b88988b5cd580ee503c4ad333b98	хотя все знают, что Венгрия подарила миру таких великих композиторов как Ференц Лист		3	0	thirties		Georgian accent,Грузинский акцент		ru	
4a3d198ccac94aa3330809ce2eef552dec6625d116950888019d1d5fbd71e82e022f2878fa2d1a4af25743f6a90ef234165fe3eaba26198c29f3afdb054ba1f8	common_voice_ru_41973220.mp3	a97a8da2a05a4a0da7c3b509e2680270bd4de4bc693be95508b0a168baeb01f1	Помню, что я пошел в лес и, ища тропинки, не глядя вперед		3	0	thirties		Georgian accent,Грузинский акцент		ru	
4a3d198ccac94aa3330809ce2eef552dec6625d116950888019d1d5fbd71e82e022f2878fa2d1a4af25743f6a90ef234165fe3eaba26198c29f3afdb054ba1f8	common_voice_ru_41973231.mp3	628751c121f3f45d1ab4babefbc470fb1027c26215619dcdcedbe2f1ce982fc4	Из комментариев экспертов, анализирующих законопроект, не всегда можно определить		3	0	thirties		Georgian accent,Грузинский акцент		ru	
4a3d198ccac94aa3330809ce2eef552dec6625d116950888019d1d5fbd71e82e022f2878fa2d1a4af25743f6a90ef234165fe3eaba26198c29f3afdb054ba1f8	common_voice_ru_41973233.mp3	6422c9981ba98a545eb70321fa4da4f1780252b5572ab141db9f09390b3fdb89	В России были введены в обращение бумажные деньги.	history_law_government	3	0	thirties		Georgian accent,Грузинский акцент		ru	
4a3d198ccac94aa3330809ce2eef552dec6625d116950888019d1d5fbd71e82e022f2878fa2d1a4af25743f6a90ef234165fe3eaba26198c29f3afdb054ba1f8	common_voice_ru_41973245.mp3	26885b220f6af649df63e56ccf9a9d162d61e5f0aa6eede4a0497e9b8badb29f	Абак стимулирует развитие пространственного мышления и позволяет детям лучше понимать структуру чисел и операций.		3	0	thirties		Georgian accent,Грузинский акцент		ru	
4a3d198ccac94aa3330809ce2eef552dec6625d116950888019d1d5fbd71e82e022f2878fa2d1a4af25743f6a90ef234165fe3eaba26198c29f3afdb054ba1f8	common_voice_ru_41973248.mp3	d33dda87a8b9595a1344f47a1172a62f5623329b493bc8616662374f660a0056	Если это не традиция, то я не знаю, что же тогда традиция.		3	0	thirties		Georgian accent,Грузинский акцент		ru	
4a3d198ccac94aa3330809ce2eef552dec6625d116950888019d1d5fbd71e82e022f2878fa2d1a4af25743f6a90ef234165fe3eaba26198c29f3afdb054ba1f8	common_voice_ru_41973283.mp3	abc36f3d5fccf9310864ddd8718df86ebd92591e8494ab23637889c751dbed0f	Изучение теории струн - это как путешествие в неизведанное, где нас ждут невероятные открытия		3	0	thirties		Georgian accent,Грузинский акцент		ru	
4a3d198ccac94aa3330809ce2eef552dec6625d116950888019d1d5fbd71e82e022f2878fa2d1a4af25743f6a90ef234165fe3eaba26198c29f3afdb054ba1f8	common_voice_ru_41973285.mp3	73b8b555a9699bbc463ee02cd3a52f90c66e336283f108cbd57848c99f180433	В выходные дни, люди едут на дачи и просто на природу отдохнуть.		3	0	thirties		Georgian accent,Грузинский акцент		ru	
4a3d198ccac94aa3330809ce2eef552dec6625d116950888019d1d5fbd71e82e022f2878fa2d1a4af25743f6a90ef234165fe3eaba26198c29f3afdb054ba1f8	common_voice_ru_41973286.mp3	d5cbd755a3476d41dd46b6e67c504ba1aeb0d068c26257516420519d45eeb950	Я не могу получить расчет.		3	0	thirties		Georgian accent,Грузинский акцент		ru	
4a3d198ccac94aa3330809ce2eef552dec6625d116950888019d1d5fbd71e82e022f2878fa2d1a4af25743f6a90ef234165fe3eaba26198c29f3afdb054ba1f8	common_voice_ru_41973288.mp3	d617746dcfad135e452cbeda1a0e6d7496e558c2ae4fd248cd47dc90302d9f3e	Кроме того, у нас есть довольно пространный список ораторов.		3	0	thirties		Georgian accent,Грузинский акцент		ru	
4a3d198ccac94aa3330809ce2eef552dec6625d116950888019d1d5fbd71e82e022f2878fa2d1a4af25743f6a90ef234165fe3eaba26198c29f3afdb054ba1f8	common_voice_ru_41973310.mp3	d19b59afd7be0ab668d16e7a22b872a5ec81de5fd50d787ea4e957aa70148692	Женщины также занимают многие руководящие должности в государстве в результате проведения прямых выборов.		3	0	thirties		Georgian accent,Грузинский акцент		ru	
4a3d198ccac94aa3330809ce2eef552dec6625d116950888019d1d5fbd71e82e022f2878fa2d1a4af25743f6a90ef234165fe3eaba26198c29f3afdb054ba1f8	common_voice_ru_41973321.mp3	8e30bc917c55a8de6289b67073d09f9577e4d45035c452680289716998fc90fb	Интерфейс приложения был интуитивно понятен для всех пользователей.		3	0	thirties		Georgian accent,Грузинский акцент		ru	
4a3d198ccac94aa3330809ce2eef552dec6625d116950888019d1d5fbd71e82e022f2878fa2d1a4af25743f6a90ef234165fe3eaba26198c29f3afdb054ba1f8	common_voice_ru_41973351.mp3	d5baf07ca6b1806a698be91d3227977f9d99413ba577cb8f9f1e85e54de27cae	Да что! Солонины ломтика три, да подовых, не помню, пять, не помню, шесть.		3	0	thirties		Georgian accent,Грузинский акцент		ru	
4a3d198ccac94aa3330809ce2eef552dec6625d116950888019d1d5fbd71e82e022f2878fa2d1a4af25743f6a90ef234165fe3eaba26198c29f3afdb054ba1f8	common_voice_ru_41973359.mp3	9e6754a3c4740103958f25d1bcf3a11bb2c0744aea1fab9506d7416acdef3c41	Роботы могут заменить людей на рабочих местах, что приведет к массовой безработице.		6	0	thirties		Georgian accent,Грузинский акцент		ru	
4a3d198ccac94aa3330809ce2eef552dec6625d116950888019d1d5fbd71e82e022f2878fa2d1a4af25743f6a90ef234165fe3eaba26198c29f3afdb054ba1f8	common_voice_ru_41973360.mp3	d5aedce6caf7a21d81fb88263c3a1501c3211cbbdd7732bf355ca7e8263a72f3	Петрицкий вдруг вскочил на коленки и оглянулся.		3	0	thirties		Georgian accent,Грузинский акцент		ru	
4a3d198ccac94aa3330809ce2eef552dec6625d116950888019d1d5fbd71e82e022f2878fa2d1a4af25743f6a90ef234165fe3eaba26198c29f3afdb054ba1f8	common_voice_ru_41973409.mp3	b076730548d5f4611011e74897652b993eea09dff84d545b43cd73dd265da6cb	Водопад обрушивал свои потоки, создавая громовые аккорды природы.		3	0	thirties		Georgian accent,Грузинский акцент		ru	
4a3d198ccac94aa3330809ce2eef552dec6625d116950888019d1d5fbd71e82e022f2878fa2d1a4af25743f6a90ef234165fe3eaba26198c29f3afdb054ba1f8	common_voice_ru_41973453.mp3	b34db508522106e97ae53992598c879d2fa35a267880e447e8663f2c5128399e	бойцами невидимой армии.		3	0	thirties		Georgian accent,Грузинский акцент		ru	
4a3d198ccac94aa3330809ce2eef552dec6625d116950888019d1d5fbd71e82e022f2878fa2d1a4af25743f6a90ef234165fe3eaba26198c29f3afdb054ba1f8	common_voice_ru_41973470.mp3	9a53931ddfb76b6cecff2250ff9179f3d2eae9629c981070a122d66a2b76a4a6	Визуальное изображение битв в манге Берсерк вызывает восхищение и ужас одновременно.		3	0	thirties		Georgian accent,Грузинский акцент		ru	
4a3d198ccac94aa3330809ce2eef552dec6625d116950888019d1d5fbd71e82e022f2878fa2d1a4af25743f6a90ef234165fe3eaba26198c29f3afdb054ba1f8	common_voice_ru_41973471.mp3	d5967d4ea0e6fae7acb72f85459c01d49a06ddb7c381711cb5d6b1d169d88a52	Я вскакиваю и выключаю ее, потом опять ложусь на кушетку и стараюсь заснуть.		6	0	thirties		Georgian accent,Грузинский акцент		ru	
4a3d198ccac94aa3330809ce2eef552dec6625d116950888019d1d5fbd71e82e022f2878fa2d1a4af25743f6a90ef234165fe3eaba26198c29f3afdb054ba1f8	common_voice_ru_41973473.mp3	a4fb8bba374665ff815a0df475282f5564556ab113ab96c33df6ea4088cc1b18	Бела Барток, Золтан Кодай, режиссеров Иштвана Сабо и Миклоша Янчо		3	0	thirties		Georgian accent,Грузинский акцент		ru	
4a3d198ccac94aa3330809ce2eef552dec6625d116950888019d1d5fbd71e82e022f2878fa2d1a4af25743f6a90ef234165fe3eaba26198c29f3afdb054ba1f8	common_voice_ru_41973488.mp3	51ac987acffa1db2196c9fe100836bdeaf70c6fa3a736b66fafa97472cf8fcfa	Требует множество попыток, исправлений и понимания тонкостей персонажа.		3	0	thirties		Georgian accent,Грузинский акцент		ru	
4a3d198ccac94aa3330809ce2eef552dec6625d116950888019d1d5fbd71e82e022f2878fa2d1a4af25743f6a90ef234165fe3eaba26198c29f3afdb054ba1f8	common_voice_ru_41973510.mp3	57f9abe56cfb2daabcf72d8f730f056e7b57300e8b827168f3cc41c93a100d89	Благодаря этому может произойти распаривание электронов, однако инерция ротора перемещает пылеватый астероид		3	0	thirties		Georgian accent,Грузинский акцент		ru	
4a3d198ccac94aa3330809ce2eef552dec6625d116950888019d1d5fbd71e82e022f2878fa2d1a4af25743f6a90ef234165fe3eaba26198c29f3afdb054ba1f8	common_voice_ru_41973514.mp3	d425ba2eadc39878dc447faf9b19064ca57e8550da139cb4e95f36914c2f7bea	По крайней мере, движения тех трех походили на пляску.		3	0	thirties		Georgian accent,Грузинский акцент		ru	
4a3d198ccac94aa3330809ce2eef552dec6625d116950888019d1d5fbd71e82e022f2878fa2d1a4af25743f6a90ef234165fe3eaba26198c29f3afdb054ba1f8	common_voice_ru_41973515.mp3	d6a56dcde6f678adacd0ef1af1476597c4b9818fd65dfd4458bbb1cb72ef6d42	В нем еще многое непонятно, мистично.		3	0	thirties		Georgian accent,Грузинский акцент		ru	
4a3d198ccac94aa3330809ce2eef552dec6625d116950888019d1d5fbd71e82e022f2878fa2d1a4af25743f6a90ef234165fe3eaba26198c29f3afdb054ba1f8	common_voice_ru_41976853.mp3	540c9dbc972e28295d962633901a9976a793f81e9710d6b7cfe94a5d7ebe7d89	Аполлоновское начало иллюстрирует угол крена.		3	0	thirties		Georgian accent,Грузинский акцент		ru	
4a3d198ccac94aa3330809ce2eef552dec6625d116950888019d1d5fbd71e82e022f2878fa2d1a4af25743f6a90ef234165fe3eaba26198c29f3afdb054ba1f8	common_voice_ru_41976869.mp3	d7242f25c2513d4c651c04cac9804dba0d61eee1a4f75d77bf786356f73478d6	Наш долг — построить более справедливый и более гуманный мир.		3	0	thirties		Georgian accent,Грузинский акцент		ru	
4a3d198ccac94aa3330809ce2eef552dec6625d116950888019d1d5fbd71e82e022f2878fa2d1a4af25743f6a90ef234165fe3eaba26198c29f3afdb054ba1f8	common_voice_ru_41976885.mp3	d597c515ae79edb167adc97049ee1f4732c418432af6ec2827ce9bebaaa49952	Теперь он всею душой раскаивался, что начал этот разговор со Степаном Аркадьичем.		3	0	thirties		Georgian accent,Грузинский акцент		ru	
4a3d198ccac94aa3330809ce2eef552dec6625d116950888019d1d5fbd71e82e022f2878fa2d1a4af25743f6a90ef234165fe3eaba26198c29f3afdb054ba1f8	common_voice_ru_41976899.mp3	867c97957a31ab13b77d0b3d2b8eb855084a7c0f800c288da7393ad8ced7855f	Микаса Аккерман, верная и сильная, всегда защищает Эрена, рискуя собственной жизнью.		3	0	thirties		Georgian accent,Грузинский акцент		ru	
4a3d198ccac94aa3330809ce2eef552dec6625d116950888019d1d5fbd71e82e022f2878fa2d1a4af25743f6a90ef234165fe3eaba26198c29f3afdb054ba1f8	common_voice_ru_41976901.mp3	9c799f5f2c1f459f9175fdcc5c2def2e5b16c9ee636ca24e39c0139c29486d76	Мы можем использовать технологии, чтобы обеспечить всех людей чистой водой и едой.		3	0	thirties		Georgian accent,Грузинский акцент		ru	
4a3d198ccac94aa3330809ce2eef552dec6625d116950888019d1d5fbd71e82e022f2878fa2d1a4af25743f6a90ef234165fe3eaba26198c29f3afdb054ba1f8	common_voice_ru_41976909.mp3	d5c6451cadda4c3ad062e4636254bd90aca118b4d887ef9ded56b74fe28b395d	– «Где же он?» – спросил я, готовясь повиноваться.		3	0	thirties		Georgian accent,Грузинский акцент		ru	
4a3d198ccac94aa3330809ce2eef552dec6625d116950888019d1d5fbd71e82e022f2878fa2d1a4af25743f6a90ef234165fe3eaba26198c29f3afdb054ba1f8	common_voice_ru_41976953.mp3	d79e51c8cb31ab4def9328bc1d49075ed6ac4ebadc6f57999570ff89896df4bf	Я и ножом, я и мылом - ничего не берет.		3	0	thirties		Georgian accent,Грузинский акцент		ru	
4a3d198ccac94aa3330809ce2eef552dec6625d116950888019d1d5fbd71e82e022f2878fa2d1a4af25743f6a90ef234165fe3eaba26198c29f3afdb054ba1f8	common_voice_ru_41976969.mp3	2b192a2d5623df15efa2c809e684f46071a858dfd8a963dfcf30ecdf36b2fc73	Что касается меня, то я часто жалею		3	0	thirties		Georgian accent,Грузинский акцент		ru	
4a3d198ccac94aa3330809ce2eef552dec6625d116950888019d1d5fbd71e82e022f2878fa2d1a4af25743f6a90ef234165fe3eaba26198c29f3afdb054ba1f8	common_voice_ru_41976992.mp3	d5bef57bbdcb5270c8d7e5acf8396e53f65163a9ae9d5a51ec5f6e48770cd5c3	И такого непосредственного чувства к угнетению Славян нет и не может быть.		3	0	thirties		Georgian accent,Грузинский акцент		ru	
4a3d198ccac94aa3330809ce2eef552dec6625d116950888019d1d5fbd71e82e022f2878fa2d1a4af25743f6a90ef234165fe3eaba26198c29f3afdb054ba1f8	common_voice_ru_41977006.mp3	0492592b59b8c07fb9eccee5c90802af1998d20e83263632a3cd584ecfd743c1	"Терпим, карлики..." - грустно и тихо сказал Владимир Ильич с трибуны.	history_law_government	3	0	thirties		Georgian accent,Грузинский акцент		ru	
4a3d198ccac94aa3330809ce2eef552dec6625d116950888019d1d5fbd71e82e022f2878fa2d1a4af25743f6a90ef234165fe3eaba26198c29f3afdb054ba1f8	common_voice_ru_41977053.mp3	d71d0700759e22089af94c57416431f11aa9fb6127bc09bfa431d7c004834a14	В мире всеобщей информатизации нет надежных средств защиты от электронного экстремизма.		3	0	thirties		Georgian accent,Грузинский акцент		ru	
4a3d198ccac94aa3330809ce2eef552dec6625d116950888019d1d5fbd71e82e022f2878fa2d1a4af25743f6a90ef234165fe3eaba26198c29f3afdb054ba1f8	common_voice_ru_41977054.mp3	a70f3d4d6bde871ee501d4ba80b83deab902e6ec526d5aa4a5c40acf13270148	Выразительно прочти это предложение из семи слов.		3	0	thirties		Georgian accent,Грузинский акцент		ru	
4a3d198ccac94aa3330809ce2eef552dec6625d116950888019d1d5fbd71e82e022f2878fa2d1a4af25743f6a90ef234165fe3eaba26198c29f3afdb054ba1f8	common_voice_ru_41977061.mp3	d766ccca3ec28e80c36310d79921313de0fd57f6fc6a0ff6df44d17db2a5374a	А сейчас слово имеет Постоянный представитель Республики Корея посол Квон.		3	0	thirties		Georgian accent,Грузинский акцент		ru	
4a3d198ccac94aa3330809ce2eef552dec6625d116950888019d1d5fbd71e82e022f2878fa2d1a4af25743f6a90ef234165fe3eaba26198c29f3afdb054ba1f8	common_voice_ru_41977062.mp3	d6dcb78b3388e9478e3ed00c507e468a378855a2282d614c0a98d359bbfd8eb4	Покажи, какая тебя вчера обожгла крапива?		3	0	thirties		Georgian accent,Грузинский акцент		ru	
4a3d198ccac94aa3330809ce2eef552dec6625d116950888019d1d5fbd71e82e022f2878fa2d1a4af25743f6a90ef234165fe3eaba26198c29f3afdb054ba1f8	common_voice_ru_41977064.mp3	d7b8a0e0bcae8d446ef47f9bad07628d2302657f0c07f6cc002625c60e8d50f5	Она встала и пошла в глубь ложи.		3	0	thirties		Georgian accent,Грузинский акцент		ru	
4a3d198ccac94aa3330809ce2eef552dec6625d116950888019d1d5fbd71e82e022f2878fa2d1a4af25743f6a90ef234165fe3eaba26198c29f3afdb054ba1f8	common_voice_ru_41977096.mp3	aa8ba29515b704bd36c5ea37e6095203150eb8ea94bcadab51a595edcbdc93d5	и каждое следующее было смешнее предыдущего.		3	0	thirties		Georgian accent,Грузинский акцент		ru	
4a3d198ccac94aa3330809ce2eef552dec6625d116950888019d1d5fbd71e82e022f2878fa2d1a4af25743f6a90ef234165fe3eaba26198c29f3afdb054ba1f8	common_voice_ru_41977127.mp3	9af2304f83c245419e9667e0761d1d4b03119f9a23ea76d2b598416aaf187edc	Черные дыры могут иметь разные формы: сферические, кольцевые, стержневые.		3	0	thirties		Georgian accent,Грузинский акцент		ru	
4a3d198ccac94aa3330809ce2eef552dec6625d116950888019d1d5fbd71e82e022f2878fa2d1a4af25743f6a90ef234165fe3eaba26198c29f3afdb054ba1f8	common_voice_ru_41977146.mp3	d7abb804300ecb824665938f79c452c86254f0e65a68d9e3173214c69db88f43	Протокол запуска запускается, ожидайте загрузки протокола ожидания для продолжения.		3	0	thirties		Georgian accent,Грузинский акцент		ru	
4a3d198ccac94aa3330809ce2eef552dec6625d116950888019d1d5fbd71e82e022f2878fa2d1a4af25743f6a90ef234165fe3eaba26198c29f3afdb054ba1f8	common_voice_ru_41977156.mp3	b0b522fba0be6022741eecf34e0f523eba32c8bb8614dbbabd34cb8dbb2aa7b4	Ударная волна, на первый взгляд, использует мелодический симулякр.		3	0	thirties		Georgian accent,Грузинский акцент		ru	
4a3d198ccac94aa3330809ce2eef552dec6625d116950888019d1d5fbd71e82e022f2878fa2d1a4af25743f6a90ef234165fe3eaba26198c29f3afdb054ba1f8	common_voice_ru_41977169.mp3	d6f9f068aaa72fc445d7c632a2e004106c60143b9a3d56d604ada00a039f0473	Адом стоит на земле.		3	0	thirties		Georgian accent,Грузинский акцент		ru	
4a3d198ccac94aa3330809ce2eef552dec6625d116950888019d1d5fbd71e82e022f2878fa2d1a4af25743f6a90ef234165fe3eaba26198c29f3afdb054ba1f8	common_voice_ru_41982069.mp3	d4ececb151f7a98428a22b184b1f884e3ff976d331ef3d419740a8d6956391f9	Вы представляете себе этого человека, который вчера занимался здесь демагогией, вооруженного ядерным оружием?		3	0	thirties		Georgian accent,Грузинский акцент		ru	
4a3d198ccac94aa3330809ce2eef552dec6625d116950888019d1d5fbd71e82e022f2878fa2d1a4af25743f6a90ef234165fe3eaba26198c29f3afdb054ba1f8	common_voice_ru_41982092.mp3	d683f449c6c0cadb87cb3a30eee08620dc6b26f1ec65274b246db3b4ca6ae7fb	Сегодня я настоятельно призываю Генеральную Ассамблею также действовать решительно.		3	0	thirties		Georgian accent,Грузинский акцент		ru	
4a3d198ccac94aa3330809ce2eef552dec6625d116950888019d1d5fbd71e82e022f2878fa2d1a4af25743f6a90ef234165fe3eaba26198c29f3afdb054ba1f8	common_voice_ru_41982108.mp3	d85b2247d1f8926d7d274d533be77a8aa8c28911bce6790383dc2945338171df	Но ему очень трудно было не сказать более, а сказать только это.		3	0	thirties		Georgian accent,Грузинский акцент		ru	
4a3d198ccac94aa3330809ce2eef552dec6625d116950888019d1d5fbd71e82e022f2878fa2d1a4af25743f6a90ef234165fe3eaba26198c29f3afdb054ba1f8	common_voice_ru_41982117.mp3	d5ee2ee2773eec83a3ec2241acb4d67c3b20756f436ab0659f530d1bea9d3415	Я так и знал.		3	0	thirties		Georgian accent,Грузинский акцент		ru	
4a3d198ccac94aa3330809ce2eef552dec6625d116950888019d1d5fbd71e82e022f2878fa2d1a4af25743f6a90ef234165fe3eaba26198c29f3afdb054ba1f8	common_voice_ru_41982118.mp3	44fe0e3037e761634b4870e64b22aafc2a194d5817091c6b6560f2ba01083f4f	торопилась выйти замуж, потом развестись, торопилась получить профессию.		3	0	thirties		Georgian accent,Грузинский акцент		ru	
4a3d198ccac94aa3330809ce2eef552dec6625d116950888019d1d5fbd71e82e022f2878fa2d1a4af25743f6a90ef234165fe3eaba26198c29f3afdb054ba1f8	common_voice_ru_41982119.mp3	9fc0a06059ece3c7bf5e9b7f37da1cff19d0d80d4d1056fa2c7f492de2182064	Некоторые черные дыры испаряются из-за квантовых эффектов.		3	0	thirties		Georgian accent,Грузинский акцент		ru	
4a3d198ccac94aa3330809ce2eef552dec6625d116950888019d1d5fbd71e82e022f2878fa2d1a4af25743f6a90ef234165fe3eaba26198c29f3afdb054ba1f8	common_voice_ru_41982122.mp3	d8464ff7e11af86cf547ad48ec9b6e074b99241e53de1ad2e8fb6425a0f93852	Мы полностью поддерживаем постоянное совершенствование созданной Организацией Объединенных Наций системы гуманитарной помощи.		3	0	thirties		Georgian accent,Грузинский акцент		ru	
4a3d198ccac94aa3330809ce2eef552dec6625d116950888019d1d5fbd71e82e022f2878fa2d1a4af25743f6a90ef234165fe3eaba26198c29f3afdb054ba1f8	common_voice_ru_41982145.mp3	78deb6baf3fc20d837e5d22247874612cd74709689a3ce857a9b5d38d1e78db2	Колебание, как принято считать, велико.		3	0	thirties		Georgian accent,Грузинский акцент		ru	
4a3d198ccac94aa3330809ce2eef552dec6625d116950888019d1d5fbd71e82e022f2878fa2d1a4af25743f6a90ef234165fe3eaba26198c29f3afdb054ba1f8	common_voice_ru_41982155.mp3	d3ca0804c06e9382c5a3828634fa779e8b2fca6f70b8b905f07a9cccd510ea2f	Грозный — лучший город		3	0	thirties		Georgian accent,Грузинский акцент		ru	
4a3d198ccac94aa3330809ce2eef552dec6625d116950888019d1d5fbd71e82e022f2878fa2d1a4af25743f6a90ef234165fe3eaba26198c29f3afdb054ba1f8	common_voice_ru_41982162.mp3	d637942f38ccec38f0742d988d9cabb0f2b63c1eadf1b31cc600832649ed1e1d	Тем не менее необходимо обеспечивать их осуществление.		3	0	thirties		Georgian accent,Грузинский акцент		ru	
4a3d198ccac94aa3330809ce2eef552dec6625d116950888019d1d5fbd71e82e022f2878fa2d1a4af25743f6a90ef234165fe3eaba26198c29f3afdb054ba1f8	common_voice_ru_42000524.mp3	8ceba2434ecaef3341dcb554cbfedaf4d16360cfe837b654879e937c29d5be84	разворачивается эпическая история о добре и зле		3	0	thirties		Georgian accent,Грузинский акцент		ru	
4a3d198ccac94aa3330809ce2eef552dec6625d116950888019d1d5fbd71e82e022f2878fa2d1a4af25743f6a90ef234165fe3eaba26198c29f3afdb054ba1f8	common_voice_ru_42000526.mp3	d95330e004f38e9ac541085c6b9390bd746036eb6eb8d91491af8df5bd16ddef	Ведь ядерное разоружение и нераспространение взаимосвязаны и неразделимы.		3	0	thirties		Georgian accent,Грузинский акцент		ru	
4a3d198ccac94aa3330809ce2eef552dec6625d116950888019d1d5fbd71e82e022f2878fa2d1a4af25743f6a90ef234165fe3eaba26198c29f3afdb054ba1f8	common_voice_ru_42000529.mp3	d8d201eb7cba00633afa5c4b52acd5f27bf6d5739f97998fc318b8956076e642	Даю вам это из ста, из тысячи... не угадаете.		3	0	thirties		Georgian accent,Грузинский акцент		ru	
4a3d198ccac94aa3330809ce2eef552dec6625d116950888019d1d5fbd71e82e022f2878fa2d1a4af25743f6a90ef234165fe3eaba26198c29f3afdb054ba1f8	common_voice_ru_42000531.mp3	d5e4ab62edad54064b578be2ccb1d3e47619e897c06b814b0810942587993354	Что хорошо для Ливии, может оказаться неподходящим в других условиях.		3	0	thirties		Georgian accent,Грузинский акцент		ru	
4a3d198ccac94aa3330809ce2eef552dec6625d116950888019d1d5fbd71e82e022f2878fa2d1a4af25743f6a90ef234165fe3eaba26198c29f3afdb054ba1f8	common_voice_ru_42000545.mp3	d74b441e857a69064487782492093a287c86ebf76ced21ef55d126e3a0b87f3c	И вот сегодня этот призыв до сих пор не услышан.		3	0	thirties		Georgian accent,Грузинский акцент		ru	
4a3d198ccac94aa3330809ce2eef552dec6625d116950888019d1d5fbd71e82e022f2878fa2d1a4af25743f6a90ef234165fe3eaba26198c29f3afdb054ba1f8	common_voice_ru_42000595.mp3	d87e3258da45b8b5914eb4d4651eecb3d9944873bb5d08de274926d6ce8a5f39	Вы можете рассчитывать на нашу полную поддержку в оставшийся период вашего председательства.		3	0	thirties		Georgian accent,Грузинский акцент		ru	
4a3d198ccac94aa3330809ce2eef552dec6625d116950888019d1d5fbd71e82e022f2878fa2d1a4af25743f6a90ef234165fe3eaba26198c29f3afdb054ba1f8	common_voice_ru_42000650.mp3	d5bce28a5362fcae69e6227eb94c1cc0830a0971d04b477b2cec9fafc45710da	Прошу вас, господин посол.		6	0	thirties		Georgian accent,Грузинский акцент		ru	
4a3d198ccac94aa3330809ce2eef552dec6625d116950888019d1d5fbd71e82e022f2878fa2d1a4af25743f6a90ef234165fe3eaba26198c29f3afdb054ba1f8	common_voice_ru_42031896.mp3	d81c588cdcd369781b4d096be4ba5f9177203aef3446ee616c6aa64033ed2be8	Ох, какой он приятный		3	0	thirties		Georgian accent,Грузинский акцент		ru	
4a3d198ccac94aa3330809ce2eef552dec6625d116950888019d1d5fbd71e82e022f2878fa2d1a4af25743f6a90ef234165fe3eaba26198c29f3afdb054ba1f8	common_voice_ru_42031916.mp3	d91eff9ce9a5ae82d135e7eabbca2b6c70512b6f6aff1fd4cda096db03450a83	Богослов и философ шли молча, куря люльки.		3	0	thirties		Georgian accent,Грузинский акцент		ru	
4a3d198ccac94aa3330809ce2eef552dec6625d116950888019d1d5fbd71e82e022f2878fa2d1a4af25743f6a90ef234165fe3eaba26198c29f3afdb054ba1f8	common_voice_ru_42031927.mp3	d85d142202c84bcf487bc9ae4c72e27cced69b95e5eb554fff172c7e4a7ac88b	Мама Милу мылом мыла.		3	0	thirties		Georgian accent,Грузинский акцент		ru	
4a3d198ccac94aa3330809ce2eef552dec6625d116950888019d1d5fbd71e82e022f2878fa2d1a4af25743f6a90ef234165fe3eaba26198c29f3afdb054ba1f8	common_voice_ru_42031945.mp3	da2ce3c1ada41492af71c7f96ee32df39ff4a5d8dad1facfa96a68f10783c5c9	Таким механизмом должна стать постоянно действующая глобальная экологическая организация с универсальным членством.		3	0	thirties		Georgian accent,Грузинский акцент		ru	
4a3d198ccac94aa3330809ce2eef552dec6625d116950888019d1d5fbd71e82e022f2878fa2d1a4af25743f6a90ef234165fe3eaba26198c29f3afdb054ba1f8	common_voice_ru_42031946.mp3	d8c9a949b846b2c158f93993262ce3ee9689477c9d2ec2e342433ccd5ac8bc1f	Она говорила с осторожностью, с которой говорят только женщины у кровати близкого труднобольного человека...		3	0	thirties		Georgian accent,Грузинский акцент		ru	
4a3d198ccac94aa3330809ce2eef552dec6625d116950888019d1d5fbd71e82e022f2878fa2d1a4af25743f6a90ef234165fe3eaba26198c29f3afdb054ba1f8	common_voice_ru_42031962.mp3	d708f9728c8570720d0d80fc3ff2abe2341847bbfc3d9218a95ae0942c543a40	Жена ему что-нибудь приятное скажет, а оно головой кивает.		3	0	thirties		Georgian accent,Грузинский акцент		ru	
4a3d198ccac94aa3330809ce2eef552dec6625d116950888019d1d5fbd71e82e022f2878fa2d1a4af25743f6a90ef234165fe3eaba26198c29f3afdb054ba1f8	common_voice_ru_42031971.mp3	da660c4d5822f34ef2870b7b8aaf76bbcc0761292332883c4dd7b2101b0b853d	А из-под потолочка верещала оголтелая канареица.		3	0	thirties		Georgian accent,Грузинский акцент		ru	
4a3d198ccac94aa3330809ce2eef552dec6625d116950888019d1d5fbd71e82e022f2878fa2d1a4af25743f6a90ef234165fe3eaba26198c29f3afdb054ba1f8	common_voice_ru_42031975.mp3	d90524347b5d491f0ae988500ad84e60cc132b68ff0b8658eab96013843fe332	Никто не может решить эту проблему в одиночку.		3	0	thirties		Georgian accent,Грузинский акцент		ru	
4a3d198ccac94aa3330809ce2eef552dec6625d116950888019d1d5fbd71e82e022f2878fa2d1a4af25743f6a90ef234165fe3eaba26198c29f3afdb054ba1f8	common_voice_ru_42031995.mp3	da7eb0294fb491e5bb42b5238c2213ddecdc63394124836b5d2e7af0fd3bd6ee	Нафанаил немного подумал и снял шапку.		3	0	thirties		Georgian accent,Грузинский акцент		ru	
4a3d198ccac94aa3330809ce2eef552dec6625d116950888019d1d5fbd71e82e022f2878fa2d1a4af25743f6a90ef234165fe3eaba26198c29f3afdb054ba1f8	common_voice_ru_42032069.mp3	da2c11f2ee99f203405d13f64166304d48e1f359a712f50cac6c9209ee79b947	В дальнейшем Комиссия будет продолжать опираться на прогресс, достигнутый на этом направлении.		3	0	thirties		Georgian accent,Грузинский акцент		ru	
4a3d198ccac94aa3330809ce2eef552dec6625d116950888019d1d5fbd71e82e022f2878fa2d1a4af25743f6a90ef234165fe3eaba26198c29f3afdb054ba1f8	common_voice_ru_42032079.mp3	d8e77e50a0af6aae9441ff95593e8b387f661aec7c4a1c6a1032f77fd6df69e5	Мы надеемся, что и данный проект резолюции будет принят без голосования.		3	0	thirties		Georgian accent,Грузинский акцент		ru	
4a3d198ccac94aa3330809ce2eef552dec6625d116950888019d1d5fbd71e82e022f2878fa2d1a4af25743f6a90ef234165fe3eaba26198c29f3afdb054ba1f8	common_voice_ru_42032094.mp3	d9625597096dcf86e510fda4fe2257ece4d05a96ad5dc0d93f6eeca3e6f85c8f	На первой же остановке мне пришлось слезть.		3	0	thirties		Georgian accent,Грузинский акцент		ru	
4a3d198ccac94aa3330809ce2eef552dec6625d116950888019d1d5fbd71e82e022f2878fa2d1a4af25743f6a90ef234165fe3eaba26198c29f3afdb054ba1f8	common_voice_ru_42032098.mp3	d866e968a504ecf5cd2cbd93e19a44bd14de832e430b7c11196000b585fff05a	Такая позиция является недальновидной и в конечном счете контрпродуктивной.		3	0	thirties		Georgian accent,Грузинский акцент		ru	
4a3d198ccac94aa3330809ce2eef552dec6625d116950888019d1d5fbd71e82e022f2878fa2d1a4af25743f6a90ef234165fe3eaba26198c29f3afdb054ba1f8	common_voice_ru_42032177.mp3	9cd27cf40cd1e40a299176b292efecddab2a97145952908eab73a6da1dbbeb27	теряется в многочисленных отражениях, разных и в то же время схожих.		3	0	thirties		Georgian accent,Грузинский акцент		ru	
4a3d198ccac94aa3330809ce2eef552dec6625d116950888019d1d5fbd71e82e022f2878fa2d1a4af25743f6a90ef234165fe3eaba26198c29f3afdb054ba1f8	common_voice_ru_42032198.mp3	d8a4b61dede857b9e4829d16d20dcac7f71dc1735b320985f58f14a4ccdc4c33	– Я ничего не вижу, кроме белой степи да ясного неба.		3	0	thirties		Georgian accent,Грузинский акцент		ru	
4a3d198ccac94aa3330809ce2eef552dec6625d116950888019d1d5fbd71e82e022f2878fa2d1a4af25743f6a90ef234165fe3eaba26198c29f3afdb054ba1f8	common_voice_ru_42032238.mp3	d8ace8a0d2ea75d366e62685a92257fa55f80e914cb430d60d97a281003529ca	Обеспечение полного и окончательного разоружения требует обсуждения и урегулирования этих проблем.		3	0	thirties		Georgian accent,Грузинский акцент		ru	
4a3d198ccac94aa3330809ce2eef552dec6625d116950888019d1d5fbd71e82e022f2878fa2d1a4af25743f6a90ef234165fe3eaba26198c29f3afdb054ba1f8	common_voice_ru_42032250.mp3	d87dc5745a5ee77b67e962bd7b3751f26d8a990931d81b1b4b9806d0f88cc193	Блокада подрывает неустанные усилия кубинского народа по достижению благосостояния и прогресса.		3	0	thirties		Georgian accent,Грузинский акцент		ru	
4a3d198ccac94aa3330809ce2eef552dec6625d116950888019d1d5fbd71e82e022f2878fa2d1a4af25743f6a90ef234165fe3eaba26198c29f3afdb054ba1f8	common_voice_ru_42032339.mp3	db4c3eed13ae8b2bb2b4c07232c7848fc2fead34dea55a4696ecb805685da508	Говорил машинист, по-видимому, он рассказывал что-то случившееся с ним на работе.		3	0	thirties		Georgian accent,Грузинский акцент		ru	
4a3d198ccac94aa3330809ce2eef552dec6625d116950888019d1d5fbd71e82e022f2878fa2d1a4af25743f6a90ef234165fe3eaba26198c29f3afdb054ba1f8	common_voice_ru_42032341.mp3	db0afd385c0e7961f1a9f5308939f944a2f4b20c94aa9116b2c9b1ea8dc6faf3	Я не закрыл окна, а говорят, что при открытом окне покойники разлагаются быстрее.		3	0	thirties		Georgian accent,Грузинский акцент		ru	
4a3d198ccac94aa3330809ce2eef552dec6625d116950888019d1d5fbd71e82e022f2878fa2d1a4af25743f6a90ef234165fe3eaba26198c29f3afdb054ba1f8	common_voice_ru_42032482.mp3	a3b8ead1c0ed8420e3b62268b405bc564dd4b5cc380fb8adee75abeed2a43859	Дальше – воспитание, индивидуальное развитие, эпоха – в общем		3	0	thirties		Georgian accent,Грузинский акцент		ru	
4a3d198ccac94aa3330809ce2eef552dec6625d116950888019d1d5fbd71e82e022f2878fa2d1a4af25743f6a90ef234165fe3eaba26198c29f3afdb054ba1f8	common_voice_ru_42032529.mp3	d9bf5ac6ffeba7ebabc4d2b591be3728231d81448e354b35cdc5149c79720db2	А ко мне пойдет?		3	0	thirties		Georgian accent,Грузинский акцент		ru	
4a3d198ccac94aa3330809ce2eef552dec6625d116950888019d1d5fbd71e82e022f2878fa2d1a4af25743f6a90ef234165fe3eaba26198c29f3afdb054ba1f8	common_voice_ru_42032533.mp3	db8a5cea9e25d75604fd670f094d1f76c89ceafcc23ff3dab86f614c38b72b35	А солнце продолжало светить по-прежнему, и пышные дамы продолжали по-прежнему восхитительно пахнуть.		3	0	thirties		Georgian accent,Грузинский акцент		ru	
4a3d198ccac94aa3330809ce2eef552dec6625d116950888019d1d5fbd71e82e022f2878fa2d1a4af25743f6a90ef234165fe3eaba26198c29f3afdb054ba1f8	common_voice_ru_42032539.mp3	dac9a8ff113e39affe6110ab719269b295f673d195cf99da8aaed60181a72bdb	Это был скелет, покрытый кожей.		3	0	thirties		Georgian accent,Грузинский акцент		ru	
4a3d198ccac94aa3330809ce2eef552dec6625d116950888019d1d5fbd71e82e022f2878fa2d1a4af25743f6a90ef234165fe3eaba26198c29f3afdb054ba1f8	common_voice_ru_42032573.mp3	da480a90fc77908396f96d421fc6dae65addad29d93459c8948c55c8d2b8f782	В заключение я хотел бы сделать два дополнительных замечания.		6	0	thirties		Georgian accent,Грузинский акцент		ru	
